{
  "measure": "Familiarity",
  "spearman_correlation": 0.25514876579996193,
  "p_value": 2.5179817166548017e-16,
  "total_questions": 1000,
  "overall_accuracy": 0.664,
  "familiarity_stats": {
    "mean": 0.6794323353934371,
    "std": 0.13307138878252966,
    "min": 0.41750092412296097,
    "max": 0.9999999403953552
  },
  "binned_visualization": {
    "num_bins": 10,
    "bin_centers": [
      0.4466258749365807,
      0.5048757765638201,
      0.5631256781910595,
      0.6213755798182989,
      0.6796254814455384,
      0.7378753830727778,
      0.7961252847000172,
      0.8543751863272566,
      0.912625087954496,
      0.9708749895817355
    ],
    "bin_accuracies": [
      0.5882352941176471,
      0.44680851063829785,
      0.5751295336787565,
      0.5641025641025641,
      0.6621621621621622,
      0.9157894736842105,
      0.8072289156626506,
      0.76,
      0.8285714285714286,
      0.8
    ],
    "bin_counts": [
      17,
      94,
      193,
      195,
      148,
      95,
      83,
      75,
      70,
      30
    ]
  }
}