{
  "measure": "FAMICOM (Familiarity / Complexity)",
  "formula": "f^1 \u00d7 c^(-1)",
  "spearman_correlation": 0.06782806201727654,
  "p_value": 0.03197690133548024,
  "total_questions": 1000,
  "overall_accuracy": 0.664,
  "famicom_stats": {
    "mean": 0.416486147,
    "std": 0.1603072648709702,
    "min": 0.10033,
    "max": 1.0
  },
  "binned_visualization": {
    "num_bins": 10,
    "bin_centers": [
      0.14531349999999998,
      0.23528049999999998,
      0.32524749999999997,
      0.4152145,
      0.5051815,
      0.5951485,
      0.6851155,
      0.7750824999999999,
      0.8650495,
      0.9550164999999999
    ],
    "bin_accuracies": [
      0.5,
      0.488,
      0.6957746478873239,
      0.8125,
      0.6724137931034483,
      0.5217391304347826,
      0.4583333333333333,
      0.7619047619047619,
      0.9230769230769231,
      0.7777777777777778
    ],
    "bin_counts": [
      20,
      125,
      355,
      192,
      116,
      92,
      48,
      21,
      13,
      18
    ]
  }
}